channel_id,channel_title
https://www.youtube.com/c/SUASConversas,SUAS Conversas
UCXCsaMfOaX0mkEBcYpAt2yA,Conversas Terapêuticas
UCiHh5qpPtcqL00i4dLin25w,Vídeos Conversas
UCRBRVJf_1y2FQQthD6955vw,Conversas de Miguel
UCsvq6TqYcUErW6-PPss6KTQ,Conversas Pastorais
UCtgvXpGlE1LUlsukoGvQz_Q,Conversas Para o Lixo
UCGMawIwmJHMe__kRT9dhW3Q,Conversas Sei Lá
UCX2IrNa6vvSQo_z1FqlRu6g,Conversas ao Sul
UCh6jVjiTwNH7SuVFM8paZaw,Conversas Podcast
UCb57_cNS2kCAyF_24bvPnnA,Conversas Afiadas
UC7pFx1Y4vlMDKD7-_U--j1Q,Conversas da Alma
UCzyp3JsXF6qLY_So1YNKUvw,RD Station Conversas por Tallos
UC19p3j0SPDyaTlyaHgLV3Wg,Conversas
UCHN5A3KDuSQVUr39ER5M9Ig,Atrês Imobiliária | PodCast Conversas Atrês
UCuvUPDqOt2B4vk-GENxfBJA,Conversas Espíritas 
UC9DudN4L8YzybvQ_6JI0j3w,Conversas Al Dente
UC1sLbAUEwNqlWDO_lKA09dQ,Conversas Lésbicas
UC65CFdlBeQfULAOleEAjTZg,Conversas com Gerações
UCetYaLAYX15oPQYVoRciUPw,Conversas de Biberão
UCENuAoX06F788sMzEOaYANw,Conversas de Nobodies
